,geo,Tertiary_Education,Urban_Population,Social_Protection,GDP_per_Capita,Labor_Force_Participation,Unemployment_Rate
0,AT,35.6,59.256,53.1,123,77.8,4.5
1,AT,35.6,59.256,53.1,123,77.8,4.9
2,AT,35.6,59.256,53.1,123,77.8,4.8
3,AT,35.6,59.256,53.1,123,0.5,4.5
4,AT,35.6,59.256,53.1,123,0.5,4.9
5,AT,35.6,59.256,53.1,123,0.5,4.8
6,AT,35.6,59.256,36.2,123,77.8,4.5
7,AT,35.6,59.256,36.2,123,77.8,4.9
8,AT,35.6,59.256,36.2,123,77.8,4.8
9,AT,35.6,59.256,36.2,123,0.5,4.5
10,AT,35.6,59.256,36.2,123,0.5,4.9
11,AT,35.6,59.256,36.2,123,0.5,4.8
12,AT,35.6,59.256,9.3,123,77.8,4.5
13,AT,35.6,59.256,9.3,123,77.8,4.9
14,AT,35.6,59.256,9.3,123,77.8,4.8
15,AT,35.6,59.256,9.3,123,0.5,4.5
16,AT,35.6,59.256,9.3,123,0.5,4.9
17,AT,35.6,59.256,9.3,123,0.5,4.8
18,AT,35.6,59.256,8.9,123,77.8,4.5
19,AT,35.6,59.256,8.9,123,77.8,4.9
20,AT,35.6,59.256,8.9,123,77.8,4.8
21,AT,35.6,59.256,8.9,123,0.5,4.5
22,AT,35.6,59.256,8.9,123,0.5,4.9
23,AT,35.6,59.256,8.9,123,0.5,4.8
24,AT,35.6,59.256,17.6,123,77.8,4.5
25,AT,35.6,59.256,17.6,123,77.8,4.9
26,AT,35.6,59.256,17.6,123,77.8,4.8
27,AT,35.6,59.256,17.6,123,0.5,4.5
28,AT,35.6,59.256,17.6,123,0.5,4.9
29,AT,35.6,59.256,17.6,123,0.5,4.8
30,BE,45.8,98.153,52.3,119,70.5,5.3
31,BE,45.8,98.153,52.3,119,70.5,5.8
32,BE,45.8,98.153,52.3,119,70.5,5.6
33,BE,45.8,98.153,52.3,119,1.4,5.3
34,BE,45.8,98.153,52.3,119,1.4,5.8
35,BE,45.8,98.153,52.3,119,1.4,5.6
36,BE,45.8,98.153,27.0,119,70.5,5.3
37,BE,45.8,98.153,27.0,119,70.5,5.8
38,BE,45.8,98.153,27.0,119,70.5,5.6
39,BE,45.8,98.153,27.0,119,1.4,5.3
40,BE,45.8,98.153,27.0,119,1.4,5.8
41,BE,45.8,98.153,27.0,119,1.4,5.6
42,BE,45.8,98.153,19.5,119,70.5,5.3
43,BE,45.8,98.153,19.5,119,70.5,5.8
44,BE,45.8,98.153,19.5,119,70.5,5.6
45,BE,45.8,98.153,19.5,119,1.4,5.3
46,BE,45.8,98.153,19.5,119,1.4,5.8
47,BE,45.8,98.153,19.5,119,1.4,5.6
48,BE,45.8,98.153,6.9,119,70.5,5.3
49,BE,45.8,98.153,6.9,119,70.5,5.8
50,BE,45.8,98.153,6.9,119,70.5,5.6
51,BE,45.8,98.153,6.9,119,1.4,5.3
52,BE,45.8,98.153,6.9,119,1.4,5.8
53,BE,45.8,98.153,6.9,119,1.4,5.6
54,BE,45.8,98.153,20.9,119,70.5,5.3
55,BE,45.8,98.153,20.9,119,70.5,5.8
56,BE,45.8,98.153,20.9,119,70.5,5.6
57,BE,45.8,98.153,20.9,119,1.4,5.3
58,BE,45.8,98.153,20.9,119,1.4,5.8
59,BE,45.8,98.153,20.9,119,1.4,5.6
60,BG,29.9,76.363,41.3,62,73.7,3.9
61,BG,29.9,76.363,41.3,62,73.7,4.3
62,BG,29.9,76.363,41.3,62,73.7,4.2
63,BG,29.9,76.363,41.3,62,0.1,3.9
64,BG,29.9,76.363,41.3,62,0.1,4.3
65,BG,29.9,76.363,41.3,62,0.1,4.2
66,BG,29.9,76.363,31.6,62,73.7,3.9
67,BG,29.9,76.363,31.6,62,73.7,4.3
68,BG,29.9,76.363,31.6,62,73.7,4.2
69,BG,29.9,76.363,31.6,62,0.1,3.9
70,BG,29.9,76.363,31.6,62,0.1,4.3
71,BG,29.9,76.363,31.6,62,0.1,4.2
72,BG,29.9,76.363,,62,73.7,3.9
73,BG,29.9,76.363,,62,73.7,4.3
74,BG,29.9,76.363,,62,73.7,4.2
75,BG,29.9,76.363,,62,0.1,3.9
76,BG,29.9,76.363,,62,0.1,4.3
77,BG,29.9,76.363,,62,0.1,4.2
78,BG,29.9,76.363,7.3,62,73.7,3.9
79,BG,29.9,76.363,7.3,62,73.7,4.3
80,BG,29.9,76.363,7.3,62,73.7,4.2
81,BG,29.9,76.363,7.3,62,0.1,3.9
82,BG,29.9,76.363,7.3,62,0.1,4.3
83,BG,29.9,76.363,7.3,62,0.1,4.2
84,BG,29.9,76.363,15.1,62,73.7,3.9
85,BG,29.9,76.363,15.1,62,73.7,4.3
86,BG,29.9,76.363,15.1,62,73.7,4.2
87,BG,29.9,76.363,15.1,62,0.1,3.9
88,BG,29.9,76.363,15.1,62,0.1,4.3
89,BG,29.9,76.363,15.1,62,0.1,4.2
90,CY,48.0,66.911,38.1,98,79.2,6.8
91,CY,48.0,66.911,38.1,98,79.2,5.8
92,CY,48.0,66.911,38.1,98,79.2,6.3
93,CY,48.0,66.911,38.1,98,2.1,6.8
94,CY,48.0,66.911,38.1,98,2.1,5.8
95,CY,48.0,66.911,38.1,98,2.1,6.3
96,CY,48.0,66.911,29.6,98,79.2,6.8
97,CY,48.0,66.911,29.6,98,79.2,5.8
98,CY,48.0,66.911,29.6,98,79.2,6.3
99,CY,48.0,66.911,29.6,98,2.1,6.8
100,CY,48.0,66.911,29.6,98,2.1,5.8
101,CY,48.0,66.911,29.6,98,2.1,6.3
102,CY,48.0,66.911,,98,79.2,6.8
103,CY,48.0,66.911,,98,79.2,5.8
104,CY,48.0,66.911,,98,79.2,6.3
105,CY,48.0,66.911,,98,2.1,6.8
106,CY,48.0,66.911,,98,2.1,5.8
107,CY,48.0,66.911,,98,2.1,6.3
108,CY,48.0,66.911,1.6,98,79.2,6.8
109,CY,48.0,66.911,1.6,98,79.2,5.8
110,CY,48.0,66.911,1.6,98,79.2,6.3
111,CY,48.0,66.911,1.6,98,2.1,6.8
112,CY,48.0,66.911,1.6,98,2.1,5.8
113,CY,48.0,66.911,1.6,98,2.1,6.3
114,CY,48.0,66.911,11.3,98,79.2,6.8
115,CY,48.0,66.911,11.3,98,79.2,5.8
116,CY,48.0,66.911,11.3,98,79.2,6.3
117,CY,48.0,66.911,11.3,98,2.1,6.8
118,CY,48.0,66.911,11.3,98,2.1,5.8
119,CY,48.0,66.911,11.3,98,2.1,6.3
120,CZ,26.7,74.377,43.0,89,77.2,2.8
121,CZ,26.7,74.377,43.0,89,77.2,1.8
122,CZ,26.7,74.377,43.0,89,77.2,2.2
123,CZ,26.7,74.377,43.0,89,0.5,2.8
124,CZ,26.7,74.377,43.0,89,0.5,1.8
125,CZ,26.7,74.377,43.0,89,0.5,2.2
126,CZ,26.7,74.377,36.9,89,77.2,2.8
127,CZ,26.7,74.377,36.9,89,77.2,1.8
128,CZ,26.7,74.377,36.9,89,77.2,2.2
129,CZ,26.7,74.377,36.9,89,0.5,2.8
130,CZ,26.7,74.377,36.9,89,0.5,1.8
131,CZ,26.7,74.377,36.9,89,0.5,2.2
132,CZ,26.7,74.377,,89,77.2,2.8
133,CZ,26.7,74.377,,89,77.2,1.8
134,CZ,26.7,74.377,,89,77.2,2.2
135,CZ,26.7,74.377,,89,0.5,2.8
136,CZ,26.7,74.377,,89,0.5,1.8
137,CZ,26.7,74.377,,89,0.5,2.2
138,CZ,26.7,74.377,11.9,89,77.2,2.8
139,CZ,26.7,74.377,11.9,89,77.2,1.8
140,CZ,26.7,74.377,11.9,89,77.2,2.2
141,CZ,26.7,74.377,11.9,89,0.5,2.8
142,CZ,26.7,74.377,11.9,89,0.5,1.8
143,CZ,26.7,74.377,11.9,89,0.5,2.2
144,CZ,26.7,74.377,6.1,89,77.2,2.8
145,CZ,26.7,74.377,6.1,89,77.2,1.8
146,CZ,26.7,74.377,6.1,89,77.2,2.2
147,CZ,26.7,74.377,6.1,89,0.5,2.8
148,CZ,26.7,74.377,6.1,89,0.5,1.8
149,CZ,26.7,74.377,6.1,89,0.5,2.2
150,DE,32.0,77.648,49.0,118,79.3,2.9
151,DE,32.0,77.648,49.0,118,79.3,3.4
152,DE,32.0,77.648,49.0,118,79.3,3.2
153,DE,32.0,77.648,49.0,118,1.3,2.9
154,DE,32.0,77.648,49.0,118,1.3,3.4
155,DE,32.0,77.648,49.0,118,1.3,3.2
156,DE,32.0,77.648,16.3,118,79.3,2.9
157,DE,32.0,77.648,16.3,118,79.3,3.4
158,DE,32.0,77.648,16.3,118,79.3,3.2
159,DE,32.0,77.648,16.3,118,1.3,2.9
160,DE,32.0,77.648,16.3,118,1.3,3.4
161,DE,32.0,77.648,16.3,118,1.3,3.2
162,DE,32.0,77.648,14.6,118,79.3,2.9
163,DE,32.0,77.648,14.6,118,79.3,3.4
164,DE,32.0,77.648,14.6,118,79.3,3.2
165,DE,32.0,77.648,14.6,118,1.3,2.9
166,DE,32.0,77.648,14.6,118,1.3,3.4
167,DE,32.0,77.648,14.6,118,1.3,3.2
168,DE,32.0,77.648,8.7,118,79.3,2.9
169,DE,32.0,77.648,8.7,118,79.3,3.4
170,DE,32.0,77.648,8.7,118,79.3,3.2
171,DE,32.0,77.648,8.7,118,1.3,2.9
172,DE,32.0,77.648,8.7,118,1.3,3.4
173,DE,32.0,77.648,8.7,118,1.3,3.2
174,DE,32.0,77.648,20.3,118,79.3,2.9
175,DE,32.0,77.648,20.3,118,79.3,3.4
176,DE,32.0,77.648,20.3,118,79.3,3.2
177,DE,32.0,77.648,20.3,118,1.3,2.9
178,DE,32.0,77.648,20.3,118,1.3,3.4
179,DE,32.0,77.648,20.3,118,1.3,3.2
180,DK,42.1,88.367,44.9,135,80.4,4.5
181,DK,42.1,88.367,44.9,135,80.4,4.4
182,DK,42.1,88.367,44.9,135,80.4,4.5
183,DK,42.1,88.367,44.9,135,1.3,4.5
184,DK,42.1,88.367,44.9,135,1.3,4.4
185,DK,42.1,88.367,44.9,135,1.3,4.5
186,DK,42.1,88.367,33.0,135,80.4,4.5
187,DK,42.1,88.367,33.0,135,80.4,4.4
188,DK,42.1,88.367,33.0,135,80.4,4.5
189,DK,42.1,88.367,33.0,135,1.3,4.5
190,DK,42.1,88.367,33.0,135,1.3,4.4
191,DK,42.1,88.367,33.0,135,1.3,4.5
192,DK,42.1,88.367,,135,80.4,4.5
193,DK,42.1,88.367,,135,80.4,4.4
194,DK,42.1,88.367,,135,80.4,4.5
195,DK,42.1,88.367,,135,1.3,4.5
196,DK,42.1,88.367,,135,1.3,4.4
197,DK,42.1,88.367,,135,1.3,4.5
198,DK,42.1,88.367,29.9,135,80.4,4.5
199,DK,42.1,88.367,29.9,135,80.4,4.4
200,DK,42.1,88.367,29.9,135,80.4,4.5
201,DK,42.1,88.367,29.9,135,1.3,4.5
202,DK,42.1,88.367,29.9,135,1.3,4.4
203,DK,42.1,88.367,29.9,135,1.3,4.5
204,DK,42.1,88.367,1.5,135,80.4,4.5
205,DK,42.1,88.367,1.5,135,80.4,4.4
206,DK,42.1,88.367,1.5,135,80.4,4.5
207,DK,42.1,88.367,1.5,135,1.3,4.5
208,DK,42.1,88.367,1.5,135,1.3,4.4
209,DK,42.1,88.367,1.5,135,1.3,4.5
210,EE,42.1,69.609,40.0,84,81.2,5.1
211,EE,42.1,69.609,40.0,84,81.2,6.1
212,EE,42.1,69.609,40.0,84,81.2,5.6
213,EE,42.1,69.609,40.0,84,2.0,5.1
214,EE,42.1,69.609,40.0,84,2.0,6.1
215,EE,42.1,69.609,40.0,84,2.0,5.6
216,EE,42.1,69.609,35.1,84,81.2,5.1
217,EE,42.1,69.609,35.1,84,81.2,6.1
218,EE,42.1,69.609,35.1,84,81.2,5.6
219,EE,42.1,69.609,35.1,84,2.0,5.1
220,EE,42.1,69.609,35.1,84,2.0,6.1
221,EE,42.1,69.609,35.1,84,2.0,5.6
222,EE,42.1,69.609,,84,81.2,5.1
223,EE,42.1,69.609,,84,81.2,6.1
224,EE,42.1,69.609,,84,81.2,5.6
225,EE,42.1,69.609,,84,2.0,5.1
226,EE,42.1,69.609,,84,2.0,6.1
227,EE,42.1,69.609,,84,2.0,5.6
228,EE,42.1,69.609,9.7,84,81.2,5.1
229,EE,42.1,69.609,9.7,84,81.2,6.1
230,EE,42.1,69.609,9.7,84,81.2,5.6
231,EE,42.1,69.609,9.7,84,2.0,5.1
232,EE,42.1,69.609,9.7,84,2.0,6.1
233,EE,42.1,69.609,9.7,84,2.0,5.6
234,EE,42.1,69.609,7.4,84,81.2,5.1
235,EE,42.1,69.609,7.4,84,81.2,6.1
236,EE,42.1,69.609,7.4,84,81.2,5.6
237,EE,42.1,69.609,7.4,84,2.0,5.1
238,EE,42.1,69.609,7.4,84,2.0,6.1
239,EE,42.1,69.609,7.4,84,2.0,5.6
240,EL,35.1,80.357,52.8,67,69.4,16.4
241,EL,35.1,80.357,52.8,67,69.4,9.3
242,EL,35.1,80.357,52.8,67,69.4,12.5
243,EL,35.1,80.357,52.8,67,0.9,16.4
244,EL,35.1,80.357,52.8,67,0.9,9.3
245,EL,35.1,80.357,52.8,67,0.9,12.5
246,EL,35.1,80.357,40.2,67,69.4,16.4
247,EL,35.1,80.357,40.2,67,69.4,9.3
248,EL,35.1,80.357,40.2,67,69.4,12.5
249,EL,35.1,80.357,40.2,67,0.9,16.4
250,EL,35.1,80.357,40.2,67,0.9,9.3
251,EL,35.1,80.357,40.2,67,0.9,12.5
252,EL,35.1,80.357,,67,69.4,16.4
253,EL,35.1,80.357,,67,69.4,9.3
254,EL,35.1,80.357,,67,69.4,12.5
255,EL,35.1,80.357,,67,0.9,16.4
256,EL,35.1,80.357,,67,0.9,9.3
257,EL,35.1,80.357,,67,0.9,12.5
258,EL,35.1,80.357,3.9,67,69.4,16.4
259,EL,35.1,80.357,3.9,67,69.4,9.3
260,EL,35.1,80.357,3.9,67,69.4,12.5
261,EL,35.1,80.357,3.9,67,0.9,16.4
262,EL,35.1,80.357,3.9,67,0.9,9.3
263,EL,35.1,80.357,3.9,67,0.9,12.5
264,EL,35.1,80.357,21.2,67,69.4,16.4
265,EL,35.1,80.357,21.2,67,69.4,9.3
266,EL,35.1,80.357,21.2,67,69.4,12.5
267,EL,35.1,80.357,21.2,67,0.9,16.4
268,EL,35.1,80.357,21.2,67,0.9,9.3
269,EL,35.1,80.357,21.2,67,0.9,12.5
270,ES,40.7,81.304,46.4,88,74.0,14.9
271,ES,40.7,81.304,46.4,88,74.0,11.4
272,ES,40.7,81.304,46.4,88,74.0,13.0
273,ES,40.7,81.304,46.4,88,0.2,14.9
274,ES,40.7,81.304,46.4,88,0.2,11.4
275,ES,40.7,81.304,46.4,88,0.2,13.0
276,ES,40.7,81.304,23.2,88,74.0,14.9
277,ES,40.7,81.304,23.2,88,74.0,11.4
278,ES,40.7,81.304,23.2,88,74.0,13.0
279,ES,40.7,81.304,23.2,88,0.2,14.9
280,ES,40.7,81.304,23.2,88,0.2,11.4
281,ES,40.7,81.304,23.2,88,0.2,13.0
282,ES,40.7,81.304,17.4,88,74.0,14.9
283,ES,40.7,81.304,17.4,88,74.0,11.4
284,ES,40.7,81.304,17.4,88,74.0,13.0
285,ES,40.7,81.304,17.4,88,0.2,14.9
286,ES,40.7,81.304,17.4,88,0.2,11.4
287,ES,40.7,81.304,17.4,88,0.2,13.0
288,ES,40.7,81.304,6.6,88,74.0,14.9
289,ES,40.7,81.304,6.6,88,74.0,11.4
290,ES,40.7,81.304,6.6,88,74.0,13.0
291,ES,40.7,81.304,6.6,88,0.2,14.9
292,ES,40.7,81.304,6.6,88,0.2,11.4
293,ES,40.7,81.304,6.6,88,0.2,13.0
294,ES,40.7,81.304,15.6,88,74.0,14.9
295,ES,40.7,81.304,15.6,88,74.0,11.4
296,ES,40.7,81.304,15.6,88,74.0,13.0
297,ES,40.7,81.304,15.6,88,0.2,14.9
298,ES,40.7,81.304,15.6,88,0.2,11.4
299,ES,40.7,81.304,15.6,88,0.2,13.0
300,FI,42.7,85.681,52.6,107,79.8,6.4
301,FI,42.7,85.681,52.6,107,79.8,7.1
302,FI,42.7,85.681,52.6,107,79.8,6.8
303,FI,42.7,85.681,52.6,107,2.5,6.4
304,FI,42.7,85.681,52.6,107,2.5,7.1
305,FI,42.7,85.681,52.6,107,2.5,6.8
306,FI,42.7,85.681,26.4,107,79.8,6.4
307,FI,42.7,85.681,26.4,107,79.8,7.1
308,FI,42.7,85.681,26.4,107,79.8,6.8
309,FI,42.7,85.681,26.4,107,2.5,6.4
310,FI,42.7,85.681,26.4,107,2.5,7.1
311,FI,42.7,85.681,26.4,107,2.5,6.8
312,FI,42.7,85.681,,107,79.8,6.4
313,FI,42.7,85.681,,107,79.8,7.1
314,FI,42.7,85.681,,107,79.8,6.8
315,FI,42.7,85.681,,107,2.5,6.4
316,FI,42.7,85.681,,107,2.5,7.1
317,FI,42.7,85.681,,107,2.5,6.8
318,FI,42.7,85.681,21.4,107,79.8,6.4
319,FI,42.7,85.681,21.4,107,79.8,7.1
320,FI,42.7,85.681,21.4,107,79.8,6.8
321,FI,42.7,85.681,21.4,107,2.5,6.4
322,FI,42.7,85.681,21.4,107,2.5,7.1
323,FI,42.7,85.681,21.4,107,2.5,6.8
324,FI,42.7,85.681,18.6,107,79.8,6.4
325,FI,42.7,85.681,18.6,107,79.8,7.1
326,FI,42.7,85.681,18.6,107,79.8,6.8
327,FI,42.7,85.681,18.6,107,2.5,6.4
328,FI,42.7,85.681,18.6,107,2.5,7.1
329,FI,42.7,85.681,18.6,107,2.5,6.8
330,FR,41.6,81.509,58.4,98,73.6,7.1
331,FR,41.6,81.509,58.4,98,73.6,7.5
332,FR,41.6,81.509,58.4,98,73.6,7.3
333,FR,41.6,81.509,58.4,98,1.0,7.1
334,FR,41.6,81.509,58.4,98,1.0,7.5
335,FR,41.6,81.509,58.4,98,1.0,7.3
336,FR,41.6,81.509,24.8,98,73.6,7.1
337,FR,41.6,81.509,24.8,98,73.6,7.5
338,FR,41.6,81.509,24.8,98,73.6,7.3
339,FR,41.6,81.509,24.8,98,1.0,7.1
340,FR,41.6,81.509,24.8,98,1.0,7.5
341,FR,41.6,81.509,24.8,98,1.0,7.3
342,FR,41.6,81.509,,98,73.6,7.1
343,FR,41.6,81.509,,98,73.6,7.5
344,FR,41.6,81.509,,98,73.6,7.3
345,FR,41.6,81.509,,98,1.0,7.1
346,FR,41.6,81.509,,98,1.0,7.5
347,FR,41.6,81.509,,98,1.0,7.3
348,FR,41.6,81.509,11.1,98,73.6,7.1
349,FR,41.6,81.509,11.1,98,73.6,7.5
350,FR,41.6,81.509,11.1,98,73.6,7.3
351,FR,41.6,81.509,11.1,98,1.0,7.1
352,FR,41.6,81.509,11.1,98,1.0,7.5
353,FR,41.6,81.509,11.1,98,1.0,7.3
354,FR,41.6,81.509,26.6,98,73.6,7.1
355,FR,41.6,81.509,26.6,98,73.6,7.5
356,FR,41.6,81.509,26.6,98,73.6,7.3
357,FR,41.6,81.509,26.6,98,1.0,7.1
358,FR,41.6,81.509,26.6,98,1.0,7.5
359,FR,41.6,81.509,26.6,98,1.0,7.3
360,HR,26.1,58.219,45.0,72,70.1,7.9
361,HR,26.1,58.219,45.0,72,70.1,5.9
362,HR,26.1,58.219,45.0,72,70.1,6.8
363,HR,26.1,58.219,45.0,72,3.7,7.9
364,HR,26.1,58.219,45.0,72,3.7,5.9
365,HR,26.1,58.219,45.0,72,3.7,6.8
366,HR,26.1,58.219,30.0,72,70.1,7.9
367,HR,26.1,58.219,30.0,72,70.1,5.9
368,HR,26.1,58.219,30.0,72,70.1,6.8
369,HR,26.1,58.219,30.0,72,3.7,7.9
370,HR,26.1,58.219,30.0,72,3.7,5.9
371,HR,26.1,58.219,30.0,72,3.7,6.8
372,HR,26.1,58.219,,72,70.1,7.9
373,HR,26.1,58.219,,72,70.1,5.9
374,HR,26.1,58.219,,72,70.1,6.8
375,HR,26.1,58.219,,72,3.7,7.9
376,HR,26.1,58.219,,72,3.7,5.9
377,HR,26.1,58.219,,72,3.7,6.8
378,HR,26.1,58.219,11.9,72,70.1,7.9
379,HR,26.1,58.219,11.9,72,70.1,5.9
380,HR,26.1,58.219,11.9,72,70.1,6.8
381,HR,26.1,58.219,11.9,72,3.7,7.9
382,HR,26.1,58.219,11.9,72,3.7,5.9
383,HR,26.1,58.219,11.9,72,3.7,6.8
384,HR,26.1,58.219,16.6,72,70.1,7.9
385,HR,26.1,58.219,16.6,72,70.1,5.9
386,HR,26.1,58.219,16.6,72,70.1,6.8
387,HR,26.1,58.219,16.6,72,3.7,7.9
388,HR,26.1,58.219,16.6,72,3.7,5.9
389,HR,26.1,58.219,16.6,72,3.7,6.8
390,HU,29.4,72.552,48.7,77,77.3,3.5
391,HU,29.4,72.552,48.7,77,77.3,3.7
392,HU,29.4,72.552,48.7,77,77.3,3.6
393,HU,29.4,72.552,48.7,77,2.4,3.5
394,HU,29.4,72.552,48.7,77,2.4,3.7
395,HU,29.4,72.552,48.7,77,2.4,3.6
396,HU,29.4,72.552,38.9,77,77.3,3.5
397,HU,29.4,72.552,38.9,77,77.3,3.7
398,HU,29.4,72.552,38.9,77,77.3,3.6
399,HU,29.4,72.552,38.9,77,2.4,3.5
400,HU,29.4,72.552,38.9,77,2.4,3.7
401,HU,29.4,72.552,38.9,77,2.4,3.6
402,HU,29.4,72.552,,77,77.3,3.5
403,HU,29.4,72.552,,77,77.3,3.7
404,HU,29.4,72.552,,77,77.3,3.6
405,HU,29.4,72.552,,77,2.4,3.5
406,HU,29.4,72.552,,77,2.4,3.7
407,HU,29.4,72.552,,77,2.4,3.6
408,HU,29.4,72.552,5.9,77,77.3,3.5
409,HU,29.4,72.552,5.9,77,77.3,3.7
410,HU,29.4,72.552,5.9,77,77.3,3.6
411,HU,29.4,72.552,5.9,77,2.4,3.5
412,HU,29.4,72.552,5.9,77,2.4,3.7
413,HU,29.4,72.552,5.9,77,2.4,3.6
414,HU,29.4,72.552,13.0,77,77.3,3.5
415,HU,29.4,72.552,13.0,77,77.3,3.7
416,HU,29.4,72.552,13.0,77,77.3,3.6
417,HU,29.4,72.552,13.0,77,2.4,3.5
418,HU,29.4,72.552,13.0,77,2.4,3.7
419,HU,29.4,72.552,13.0,77,2.4,3.6
420,IE,53.7,64.183,20.6,238,76.8,4.6
421,IE,53.7,64.183,20.6,238,76.8,4.4
422,IE,53.7,64.183,20.6,238,76.8,4.5
423,IE,53.7,64.183,20.6,238,3.6,4.6
424,IE,53.7,64.183,20.6,238,3.6,4.4
425,IE,53.7,64.183,20.6,238,3.6,4.5
426,IE,53.7,64.183,17.5,238,76.8,4.6
427,IE,53.7,64.183,17.5,238,76.8,4.4
428,IE,53.7,64.183,17.5,238,76.8,4.5
429,IE,53.7,64.183,17.5,238,3.6,4.6
430,IE,53.7,64.183,17.5,238,3.6,4.4
431,IE,53.7,64.183,17.5,238,3.6,4.5
432,IE,53.7,64.183,,238,76.8,4.6
433,IE,53.7,64.183,,238,76.8,4.4
434,IE,53.7,64.183,,238,76.8,4.5
435,IE,53.7,64.183,,238,3.6,4.6
436,IE,53.7,64.183,,238,3.6,4.4
437,IE,53.7,64.183,,238,3.6,4.5
438,IE,53.7,64.183,2.0,238,76.8,4.6
439,IE,53.7,64.183,2.0,238,76.8,4.4
440,IE,53.7,64.183,2.0,238,76.8,4.5
441,IE,53.7,64.183,2.0,238,3.6,4.6
442,IE,53.7,64.183,2.0,238,3.6,4.4
443,IE,53.7,64.183,2.0,238,3.6,4.5
444,IE,53.7,64.183,2.3,238,76.8,4.6
445,IE,53.7,64.183,2.3,238,76.8,4.4
446,IE,53.7,64.183,2.3,238,76.8,4.5
447,IE,53.7,64.183,2.3,238,3.6,4.6
448,IE,53.7,64.183,2.3,238,3.6,4.4
449,IE,53.7,64.183,2.3,238,3.6,4.5
450,IT,20.3,71.657,54.9,98,65.5,9.4
451,IT,20.3,71.657,54.9,98,65.5,7.1
452,IT,20.3,71.657,54.9,98,65.5,8.1
453,IT,20.3,71.657,54.9,98,-0.2,9.4
454,IT,20.3,71.657,54.9,98,-0.2,7.1
455,IT,20.3,71.657,54.9,98,-0.2,8.1
456,IT,20.3,71.657,36.2,98,65.5,9.4
457,IT,20.3,71.657,36.2,98,65.5,7.1
458,IT,20.3,71.657,36.2,98,65.5,8.1
459,IT,20.3,71.657,36.2,98,-0.2,9.4
460,IT,20.3,71.657,36.2,98,-0.2,7.1
461,IT,20.3,71.657,36.2,98,-0.2,8.1
462,IT,20.3,71.657,,98,65.5,9.4
463,IT,20.3,71.657,,98,65.5,7.1
464,IT,20.3,71.657,,98,65.5,8.1
465,IT,20.3,71.657,,98,-0.2,9.4
466,IT,20.3,71.657,,98,-0.2,7.1
467,IT,20.3,71.657,,98,-0.2,8.1
468,IT,20.3,71.657,14.0,98,65.5,9.4
469,IT,20.3,71.657,14.0,98,65.5,7.1
470,IT,20.3,71.657,14.0,98,65.5,8.1
471,IT,20.3,71.657,14.0,98,-0.2,9.4
472,IT,20.3,71.657,14.0,98,-0.2,7.1
473,IT,20.3,71.657,14.0,98,-0.2,8.1
474,IT,20.3,71.657,20.3,98,65.5,9.4
475,IT,20.3,71.657,20.3,98,65.5,7.1
476,IT,20.3,71.657,20.3,98,65.5,8.1
477,IT,20.3,71.657,20.3,98,-0.2,9.4
478,IT,20.3,71.657,20.3,98,-0.2,7.1
479,IT,20.3,71.657,20.3,98,-0.2,8.1
480,LT,46.5,68.465,36.3,88,78.6,5.5
481,LT,46.5,68.465,36.3,88,78.6,6.5
482,LT,46.5,68.465,36.3,88,78.6,6.0
483,LT,46.5,68.465,36.3,88,0.6,5.5
484,LT,46.5,68.465,36.3,88,0.6,6.5
485,LT,46.5,68.465,36.3,88,0.6,6.0
486,LT,46.5,68.465,28.0,88,78.6,5.5
487,LT,46.5,68.465,28.0,88,78.6,6.5
488,LT,46.5,68.465,28.0,88,78.6,6.0
489,LT,46.5,68.465,28.0,88,0.6,5.5
490,LT,46.5,68.465,28.0,88,0.6,6.5
491,LT,46.5,68.465,28.0,88,0.6,6.0
492,LT,46.5,68.465,,88,78.6,5.5
493,LT,46.5,68.465,,88,78.6,6.5
494,LT,46.5,68.465,,88,78.6,6.0
495,LT,46.5,68.465,,88,0.6,5.5
496,LT,46.5,68.465,,88,0.6,6.5
497,LT,46.5,68.465,,88,0.6,6.0
498,LT,46.5,68.465,8.9,88,78.6,5.5
499,LT,46.5,68.465,8.9,88,78.6,6.5
500,LT,46.5,68.465,8.9,88,78.6,6.0
501,LT,46.5,68.465,8.9,88,0.6,5.5
502,LT,46.5,68.465,8.9,88,0.6,6.5
503,LT,46.5,68.465,8.9,88,0.6,6.0
504,LT,46.5,68.465,12.5,88,78.6,5.5
505,LT,46.5,68.465,12.5,88,78.6,6.5
506,LT,46.5,68.465,12.5,88,78.6,6.0
507,LT,46.5,68.465,12.5,88,0.6,5.5
508,LT,46.5,68.465,12.5,88,0.6,6.5
509,LT,46.5,68.465,12.5,88,0.6,6.0
510,LU,52.3,91.881,44.3,252,73.5,4.7
511,LU,52.3,91.881,44.3,252,73.5,4.5
512,LU,52.3,91.881,44.3,252,73.5,4.6
513,LU,52.3,91.881,44.3,252,1.5,4.7
514,LU,52.3,91.881,44.3,252,1.5,4.5
515,LU,52.3,91.881,44.3,252,1.5,4.6
516,LU,52.3,91.881,31.8,252,73.5,4.7
517,LU,52.3,91.881,31.8,252,73.5,4.5
518,LU,52.3,91.881,31.8,252,73.5,4.6
519,LU,52.3,91.881,31.8,252,1.5,4.7
520,LU,52.3,91.881,31.8,252,1.5,4.5
521,LU,52.3,91.881,31.8,252,1.5,4.6
522,LU,52.3,91.881,,252,73.5,4.7
523,LU,52.3,91.881,,252,73.5,4.5
524,LU,52.3,91.881,,252,73.5,4.6
525,LU,52.3,91.881,,252,1.5,4.7
526,LU,52.3,91.881,,252,1.5,4.5
527,LU,52.3,91.881,,252,1.5,4.6
528,LU,52.3,91.881,5.1,252,73.5,4.7
529,LU,52.3,91.881,5.1,252,73.5,4.5
530,LU,52.3,91.881,5.1,252,73.5,4.6
531,LU,52.3,91.881,5.1,252,1.5,4.7
532,LU,52.3,91.881,5.1,252,1.5,4.5
533,LU,52.3,91.881,5.1,252,1.5,4.6
534,LU,52.3,91.881,18.2,252,73.5,4.7
535,LU,52.3,91.881,18.2,252,73.5,4.5
536,LU,52.3,91.881,18.2,252,73.5,4.6
537,LU,52.3,91.881,18.2,252,1.5,4.7
538,LU,52.3,91.881,18.2,252,1.5,4.5
539,LU,52.3,91.881,18.2,252,1.5,4.6
540,LV,39.5,68.54,44.2,69,76.8,5.6
541,LV,39.5,68.54,44.2,69,76.8,8.1
542,LV,39.5,68.54,44.2,69,76.8,6.9
543,LV,39.5,68.54,44.2,69,-0.5,5.6
544,LV,39.5,68.54,44.2,69,-0.5,8.1
545,LV,39.5,68.54,44.2,69,-0.5,6.9
546,LV,39.5,68.54,28.4,69,76.8,5.6
547,LV,39.5,68.54,28.4,69,76.8,8.1
548,LV,39.5,68.54,28.4,69,76.8,6.9
549,LV,39.5,68.54,28.4,69,-0.5,5.6
550,LV,39.5,68.54,28.4,69,-0.5,8.1
551,LV,39.5,68.54,28.4,69,-0.5,6.9
552,LV,39.5,68.54,,69,76.8,5.6
553,LV,39.5,68.54,,69,76.8,8.1
554,LV,39.5,68.54,,69,76.8,6.9
555,LV,39.5,68.54,,69,-0.5,5.6
556,LV,39.5,68.54,,69,-0.5,8.1
557,LV,39.5,68.54,,69,-0.5,6.9
558,LV,39.5,68.54,10.9,69,76.8,5.6
559,LV,39.5,68.54,10.9,69,76.8,8.1
560,LV,39.5,68.54,10.9,69,76.8,6.9
561,LV,39.5,68.54,10.9,69,-0.5,5.6
562,LV,39.5,68.54,10.9,69,-0.5,8.1
563,LV,39.5,68.54,10.9,69,-0.5,6.9
564,LV,39.5,68.54,10.0,69,76.8,5.6
565,LV,39.5,68.54,10.0,69,76.8,8.1
566,LV,39.5,68.54,10.0,69,76.8,6.9
567,LV,39.5,68.54,10.0,69,-0.5,5.6
568,LV,39.5,68.54,10.0,69,-0.5,8.1
569,LV,39.5,68.54,10.0,69,-0.5,6.9
570,MT,31.8,94.875,37.7,105,79.3,3.1
571,MT,31.8,94.875,37.7,105,79.3,3.7
572,MT,31.8,94.875,37.7,105,79.3,3.5
573,MT,31.8,94.875,37.7,105,4.5,3.1
574,MT,31.8,94.875,37.7,105,4.5,3.7
575,MT,31.8,94.875,37.7,105,4.5,3.5
576,MT,31.8,94.875,37.6,105,79.3,3.1
577,MT,31.8,94.875,37.6,105,79.3,3.7
578,MT,31.8,94.875,37.6,105,79.3,3.5
579,MT,31.8,94.875,37.6,105,4.5,3.1
580,MT,31.8,94.875,37.6,105,4.5,3.7
581,MT,31.8,94.875,37.6,105,4.5,3.5
582,MT,31.8,94.875,,105,79.3,3.1
583,MT,31.8,94.875,,105,79.3,3.7
584,MT,31.8,94.875,,105,79.3,3.5
585,MT,31.8,94.875,,105,4.5,3.1
586,MT,31.8,94.875,,105,4.5,3.7
587,MT,31.8,94.875,,105,4.5,3.5
588,MT,31.8,94.875,0.4,105,79.3,3.1
589,MT,31.8,94.875,0.4,105,79.3,3.7
590,MT,31.8,94.875,0.4,105,79.3,3.5
591,MT,31.8,94.875,0.4,105,4.5,3.1
592,MT,31.8,94.875,0.4,105,4.5,3.7
593,MT,31.8,94.875,0.4,105,4.5,3.5
594,MT,31.8,94.875,,105,79.3,3.1
595,MT,31.8,94.875,,105,79.3,3.7
596,MT,31.8,94.875,,105,79.3,3.5
597,MT,31.8,94.875,,105,4.5,3.1
598,MT,31.8,94.875,,105,4.5,3.7
599,MT,31.8,94.875,,105,4.5,3.5
600,NL,44.7,92.886,43.2,134,84.7,3.8
601,NL,44.7,92.886,43.2,134,84.7,3.3
602,NL,44.7,92.886,43.2,134,84.7,3.5
603,NL,44.7,92.886,43.2,134,1.3,3.8
604,NL,44.7,92.886,43.2,134,1.3,3.3
605,NL,44.7,92.886,43.2,134,1.3,3.5
606,NL,44.7,92.886,29.2,134,84.7,3.8
607,NL,44.7,92.886,29.2,134,84.7,3.3
608,NL,44.7,92.886,29.2,134,84.7,3.5
609,NL,44.7,92.886,29.2,134,1.3,3.8
610,NL,44.7,92.886,29.2,134,1.3,3.3
611,NL,44.7,92.886,29.2,134,1.3,3.5
612,NL,44.7,92.886,,134,84.7,3.8
613,NL,44.7,92.886,,134,84.7,3.3
614,NL,44.7,92.886,,134,84.7,3.5
615,NL,44.7,92.886,,134,1.3,3.8
616,NL,44.7,92.886,,134,1.3,3.3
617,NL,44.7,92.886,,134,1.3,3.5
618,NL,44.7,92.886,12.5,134,84.7,3.8
619,NL,44.7,92.886,12.5,134,84.7,3.3
620,NL,44.7,92.886,12.5,134,84.7,3.5
621,NL,44.7,92.886,12.5,134,1.3,3.8
622,NL,44.7,92.886,12.5,134,1.3,3.3
623,NL,44.7,92.886,12.5,134,1.3,3.5
624,NL,44.7,92.886,15.3,134,84.7,3.8
625,NL,44.7,92.886,15.3,134,84.7,3.3
626,NL,44.7,92.886,15.3,134,84.7,3.5
627,NL,44.7,92.886,15.3,134,1.3,3.8
628,NL,44.7,92.886,15.3,134,1.3,3.3
629,NL,44.7,92.886,15.3,134,1.3,3.5
630,PL,34.4,60.134,43.2,78,73.6,2.9
631,PL,34.4,60.134,43.2,78,73.6,2.8
632,PL,34.4,60.134,43.2,78,73.6,2.9
633,PL,34.4,60.134,43.2,78,3.5,2.9
634,PL,34.4,60.134,43.2,78,3.5,2.8
635,PL,34.4,60.134,43.2,78,3.5,2.9
636,PL,34.4,60.134,24.9,78,73.6,2.9
637,PL,34.4,60.134,24.9,78,73.6,2.8
638,PL,34.4,60.134,24.9,78,73.6,2.9
639,PL,34.4,60.134,24.9,78,3.5,2.9
640,PL,34.4,60.134,24.9,78,3.5,2.8
641,PL,34.4,60.134,24.9,78,3.5,2.9
642,PL,34.4,60.134,,78,73.6,2.9
643,PL,34.4,60.134,,78,73.6,2.8
644,PL,34.4,60.134,,78,73.6,2.9
645,PL,34.4,60.134,,78,3.5,2.9
646,PL,34.4,60.134,,78,3.5,2.8
647,PL,34.4,60.134,,78,3.5,2.9
648,PL,34.4,60.134,13.6,78,73.6,2.9
649,PL,34.4,60.134,13.6,78,73.6,2.8
650,PL,34.4,60.134,13.6,78,73.6,2.9
651,PL,34.4,60.134,13.6,78,3.5,2.9
652,PL,34.4,60.134,13.6,78,3.5,2.8
653,PL,34.4,60.134,13.6,78,3.5,2.9
654,PL,34.4,60.134,15.4,78,73.6,2.9
655,PL,34.4,60.134,15.4,78,73.6,2.8
656,PL,34.4,60.134,15.4,78,73.6,2.9
657,PL,34.4,60.134,15.4,78,3.5,2.9
658,PL,34.4,60.134,15.4,78,3.5,2.8
659,PL,34.4,60.134,15.4,78,3.5,2.9
660,PT,29.5,67.381,43.9,77,76.2,6.6
661,PT,29.5,67.381,43.9,77,76.2,5.8
662,PT,29.5,67.381,43.9,77,76.2,6.2
663,PT,29.5,67.381,43.9,77,1.4,6.6
664,PT,29.5,67.381,43.9,77,1.4,5.8
665,PT,29.5,67.381,43.9,77,1.4,6.2
666,PT,29.5,67.381,32.5,77,76.2,6.6
667,PT,29.5,67.381,32.5,77,76.2,5.8
668,PT,29.5,67.381,32.5,77,76.2,6.2
669,PT,29.5,67.381,32.5,77,1.4,6.6
670,PT,29.5,67.381,32.5,77,1.4,5.8
671,PT,29.5,67.381,32.5,77,1.4,6.2
672,PT,29.5,67.381,,77,76.2,6.6
673,PT,29.5,67.381,,77,76.2,5.8
674,PT,29.5,67.381,,77,76.2,6.2
675,PT,29.5,67.381,,77,1.4,6.6
676,PT,29.5,67.381,,77,1.4,5.8
677,PT,29.5,67.381,,77,1.4,6.2
678,PT,29.5,67.381,6.4,77,76.2,6.6
679,PT,29.5,67.381,6.4,77,76.2,5.8
680,PT,29.5,67.381,6.4,77,76.2,6.2
681,PT,29.5,67.381,6.4,77,1.4,6.6
682,PT,29.5,67.381,6.4,77,1.4,5.8
683,PT,29.5,67.381,6.4,77,1.4,6.2
684,PT,29.5,67.381,12.5,77,76.2,6.6
685,PT,29.5,67.381,12.5,77,76.2,5.8
686,PT,29.5,67.381,12.5,77,76.2,6.2
687,PT,29.5,67.381,12.5,77,1.4,6.6
688,PT,29.5,67.381,12.5,77,1.4,5.8
689,PT,29.5,67.381,12.5,77,1.4,6.2
690,RO,19.7,54.489,40.7,74,66.8,5.1
691,RO,19.7,54.489,40.7,74,66.8,6.0
692,RO,19.7,54.489,40.7,74,66.8,5.6
693,RO,19.7,54.489,40.7,74,3.5,5.1
694,RO,19.7,54.489,40.7,74,3.5,6.0
695,RO,19.7,54.489,40.7,74,3.5,5.6
696,RO,19.7,54.489,29.4,74,66.8,5.1
697,RO,19.7,54.489,29.4,74,66.8,6.0
698,RO,19.7,54.489,29.4,74,66.8,5.6
699,RO,19.7,54.489,29.4,74,3.5,5.1
700,RO,19.7,54.489,29.4,74,3.5,6.0
701,RO,19.7,54.489,29.4,74,3.5,5.6
702,RO,19.7,54.489,,74,66.8,5.1
703,RO,19.7,54.489,,74,66.8,6.0
704,RO,19.7,54.489,,74,66.8,5.6
705,RO,19.7,54.489,,74,3.5,5.1
706,RO,19.7,54.489,,74,3.5,6.0
707,RO,19.7,54.489,,74,3.5,5.6
708,RO,19.7,54.489,8.7,74,66.8,5.1
709,RO,19.7,54.489,8.7,74,66.8,6.0
710,RO,19.7,54.489,8.7,74,66.8,5.6
711,RO,19.7,54.489,8.7,74,3.5,5.1
712,RO,19.7,54.489,8.7,74,3.5,6.0
713,RO,19.7,54.489,8.7,74,3.5,5.6
714,RO,19.7,54.489,11.4,74,66.8,5.1
715,RO,19.7,54.489,11.4,74,66.8,6.0
716,RO,19.7,54.489,11.4,74,66.8,5.6
717,RO,19.7,54.489,11.4,74,3.5,5.1
718,RO,19.7,54.489,11.4,74,3.5,6.0
719,RO,19.7,54.489,11.4,74,3.5,5.6
720,SE,48.5,88.492,48.9,115,83.3,7.9
721,SE,48.5,88.492,48.9,115,83.3,7.1
722,SE,48.5,88.492,48.9,115,83.3,7.5
723,SE,48.5,88.492,48.9,115,0.7,7.9
724,SE,48.5,88.492,48.9,115,0.7,7.1
725,SE,48.5,88.492,48.9,115,0.7,7.5
726,SE,48.5,88.492,31.1,115,83.3,7.9
727,SE,48.5,88.492,31.1,115,83.3,7.1
728,SE,48.5,88.492,31.1,115,83.3,7.5
729,SE,48.5,88.492,31.1,115,0.7,7.9
730,SE,48.5,88.492,31.1,115,0.7,7.1
731,SE,48.5,88.492,31.1,115,0.7,7.5
732,SE,48.5,88.492,,115,83.3,7.9
733,SE,48.5,88.492,,115,83.3,7.1
734,SE,48.5,88.492,,115,83.3,7.5
735,SE,48.5,88.492,,115,0.7,7.9
736,SE,48.5,88.492,,115,0.7,7.1
737,SE,48.5,88.492,,115,0.7,7.5
738,SE,48.5,88.492,24.2,115,83.3,7.9
739,SE,48.5,88.492,24.2,115,83.3,7.1
740,SE,48.5,88.492,24.2,115,83.3,7.5
741,SE,48.5,88.492,24.2,115,0.7,7.9
742,SE,48.5,88.492,24.2,115,0.7,7.1
743,SE,48.5,88.492,24.2,115,0.7,7.5
744,SE,48.5,88.492,6.0,115,83.3,7.9
745,SE,48.5,88.492,6.0,115,83.3,7.1
746,SE,48.5,88.492,6.0,115,83.3,7.5
747,SE,48.5,88.492,6.0,115,0.7,7.9
748,SE,48.5,88.492,6.0,115,0.7,7.1
749,SE,48.5,88.492,6.0,115,0.7,7.5
750,SI,40.1,55.751,47.7,89,76.2,4.3
751,SI,40.1,55.751,47.7,89,76.2,3.8
752,SI,40.1,55.751,47.7,89,76.2,4.0
753,SI,40.1,55.751,47.7,89,1.6,4.3
754,SI,40.1,55.751,47.7,89,1.6,3.8
755,SI,40.1,55.751,47.7,89,1.6,4.0
756,SI,40.1,55.751,31.6,89,76.2,4.3
757,SI,40.1,55.751,31.6,89,76.2,3.8
758,SI,40.1,55.751,31.6,89,76.2,4.0
759,SI,40.1,55.751,31.6,89,1.6,4.3
760,SI,40.1,55.751,31.6,89,1.6,3.8
761,SI,40.1,55.751,31.6,89,1.6,4.0
762,SI,40.1,55.751,,89,76.2,4.3
763,SI,40.1,55.751,,89,76.2,3.8
764,SI,40.1,55.751,,89,76.2,4.0
765,SI,40.1,55.751,,89,1.6,4.3
766,SI,40.1,55.751,,89,1.6,3.8
767,SI,40.1,55.751,,89,1.6,4.0
768,SI,40.1,55.751,9.0,89,76.2,4.3
769,SI,40.1,55.751,9.0,89,76.2,3.8
770,SI,40.1,55.751,9.0,89,76.2,4.0
771,SI,40.1,55.751,9.0,89,1.6,4.3
772,SI,40.1,55.751,9.0,89,1.6,3.8
773,SI,40.1,55.751,9.0,89,1.6,4.0
774,SI,40.1,55.751,18.9,89,76.2,4.3
775,SI,40.1,55.751,18.9,89,76.2,3.8
776,SI,40.1,55.751,18.9,89,76.2,4.0
777,SI,40.1,55.751,18.9,89,1.6,4.3
778,SI,40.1,55.751,18.9,89,1.6,3.8
779,SI,40.1,55.751,18.9,89,1.6,4.0
780,SK,29.2,53.909,43.0,71,76.1,6.4
781,SK,29.2,53.909,43.0,71,76.1,5.9
782,SK,29.2,53.909,43.0,71,76.1,6.1
783,SK,29.2,53.909,43.0,71,1.4,6.4
784,SK,29.2,53.909,43.0,71,1.4,5.9
785,SK,29.2,53.909,43.0,71,1.4,6.1
786,SK,29.2,53.909,28.4,71,76.1,6.4
787,SK,29.2,53.909,28.4,71,76.1,5.9
788,SK,29.2,53.909,28.4,71,76.1,6.1
789,SK,29.2,53.909,28.4,71,1.4,6.4
790,SK,29.2,53.909,28.4,71,1.4,5.9
791,SK,29.2,53.909,28.4,71,1.4,6.1
792,SK,29.2,53.909,,71,76.1,6.4
793,SK,29.2,53.909,,71,76.1,5.9
794,SK,29.2,53.909,,71,76.1,6.1
795,SK,29.2,53.909,,71,1.4,6.4
796,SK,29.2,53.909,,71,1.4,5.9
797,SK,29.2,53.909,,71,1.4,6.1
798,SK,29.2,53.909,8.0,71,76.1,6.4
799,SK,29.2,53.909,8.0,71,76.1,5.9
800,SK,29.2,53.909,8.0,71,76.1,6.1
801,SK,29.2,53.909,8.0,71,1.4,6.4
802,SK,29.2,53.909,8.0,71,1.4,5.9
803,SK,29.2,53.909,8.0,71,1.4,6.1
804,SK,29.2,53.909,14.6,71,76.1,6.4
805,SK,29.2,53.909,14.6,71,76.1,5.9
806,SK,29.2,53.909,14.6,71,76.1,6.1
807,SK,29.2,53.909,14.6,71,1.4,6.4
808,SK,29.2,53.909,14.6,71,1.4,5.9
809,SK,29.2,53.909,14.6,71,1.4,6.1
